{
"0-coot-history.py!main": [1551806281.21675, "18 ln", "Text", "-", 740], 
"0-coot-history.scm!main": [1551806281.228548, "18 ln", "Text", "-", 725], 
"5XSY.pdb!main": [1551806281.242445, "12264 ln", "PDB", "-", 993384], 
"emd_6770.map!main": [1551806281.253767, "200 x 200 x 200", "Image", 1, 32001024], 
"emd_6770.map.gz!main": [1551806281.265016, "-", "-", "-", 29978913], 
"pdb5xsy.ent!main": [1551806281.278433, "12245 ln", "PDB", "-", 991845], 
"pdb5xsy.ent.gz!main": [1551807233.565766, "-", "-", "-", 233722], 
"placed_model.pdb!main": [1551807233.580723, "10642 ln", "PDB", "-", 840326]
}